Name, Category Type, Category Subtype, Phone, Website, Email, Geographic Location
SoHo,tourism,attraction,,,,--
The Cooper Union,amenity,university,,,,--
Public School 177,amenity,school,,,,--
Public School 23,amenity,school,,,,--
First Shearith Israel Graveyard,amenity,grave_yard,,,,--
Public School 124,amenity,school,,,,--
Old Saint Patrick's Convent and Girls School,amenity,school,,,,--
First Ukrainian Assembly of God Church,amenity,place_of_worship,,,,--
Sung Tak Buddhist Temple,amenity,place_of_worship,,,,--
Seventh Day Adventist Church of Union Square,amenity,place_of_worship,,,,--
First Warsaw Congregation,amenity,place_of_worship,,,,--
Brookdale Center Hebrew Union College,amenity,school,,,,--
Generoso Pope Catholic Center at New York University,amenity,place_of_worship,,,,--
First Ukrainian Evangelical Pentecostal Church,amenity,place_of_worship,,,,--
Eastern States Buddhist Temple,amenity,place_of_worship,,,,--
Heavenly Grace Buddhist Temple,amenity,place_of_worship,,,,--
Public School 130,amenity,school,,,,--
Angelika Film Center,amenity,cinema,,,,--
Grey Art Gallery,amenity,arts_centre,,,,--
Public Theatre,amenity,public_building,,,,--
Rod Rogers Dance Company,amenity,dancing_school,,https://www.rodrodgersdance.org/,,New York-10003-East 4th Street
NYU Courant Institute of Mathematical Sciences,amenity,university,,,,New York--Mercer Street
Museum of African Art,tourism,museum,,,,--
Lower East Side Tenement Museum,tourism,museum,+1 212-982-8420,https://www.tenement.org/,,New York--Orchard Street
Whiskey Tavern,amenity,pub,+1 212 374 9119,,,--
Cricket Wireless,shop,mobile_phone,+1-212-587-3840,,,-10013-Bayard Street
Fu Kang Reflexology,shop,massage,+1-646-861-3360,,,-10013-Bayard Street
Nha Trang One,amenity,restaurant,+1-212-233-5948,http://nhatrangnyc.com,,--
The Bowery Hotel,tourism,hotel,,https://www.theboweryhotel.com/,,New York-10003-Bowery
La Newyorkina,amenity,restaurant,,http://places.singleplatform.com/la-newyorkina/menu?ref=google,,New York-10012-Sullivan Street
Swift Hibernian Lounge,amenity,pub,+1 212-260-3600,https://www.swiftnycbar.com/,info@swiftnycbar.com,New York-10003-East 4th Street
Freemans,amenity,restaurant,+1-212-420-0012,https://www.freemansrestaurant.com,,New York-10002-Freeman Alley
Think Coffee,amenity,cafe,,https://www.thinkcoffee.com/,,--Bleecker Street
NYU Bookstore,shop,books,212-998-4667,https://www.bkstr.com/nyustore/home,NYU@bkstr.com,New York-10003-Broadway
Shakespeare & Co,shop,books,212-529-1330,,,--Broadway
Le Château,shop,clothes,,,,--
French Connection,shop,clothes,,,,--
Aldo,shop,shoes,,,,--
Infinity Shoes,shop,shoes,+1 212-475-5952,https://www.infinityshoes.com/infinity-nyc,,-10012-Broadway
Miz Mooz,shop,shoes,,,,--Broadway
GameStop,shop,video_games,,,,--Broadway
Le Basket,amenity,fast_food,,,,--
Transit,shop,athletic,,,,--Broadway
Starbucks,amenity,cafe,+1-917-534-0799,https://starbucks.com/store/16853/,,--Broadway
Blades,shop,clothes,+1-212-477-7350,https://blades.com/,,--Broadway
Roni,shop,clothes,212-979-8889,,,--Broadway
CeX,shop,electronics,,,,--
Maria Tash,shop,jewelry,+1-212-253-0921,https://mariatash.com/,info@mariatash.com,--Broadway
Zara,shop,clothes,,,,--Broadway
Lombardi's Pizza,amenity,restaurant,,https://www.firstpizza.com/,,New York--Spring Street
China Village Restaurant,amenity,restaurant,+1-212-941-6679,,,--Baxter Street
The Standard. East Village,tourism,hotel,(212) 475-5700,,,New York-10003-Cooper Square
Phebes,amenity,pub,,https://www.phebesnyc.com/,,New York-10003-Bowery
Uniqlo,shop,clothes,+1-877-486-4756,https://www.uniqlo.com/us/en/stores-details/?StoreID=10200001,,New York City-10012-Broadway
Bespoke Chocolates,shop,confectionery,,http://www.bespokechocolates.com/,,New York--Extra Place
Colors Restaurant,amenity,restaurant,,,,--Lafayette Street
Apple Store SoHo,shop,computer,(212) 226-3126,https://www.apple.com/retail/soho/,,--Prince Street
Second Time Around,shop,clothes,,,,--
Screaming Mimi's,shop,clothes,,,,--
Nom de Guerre,shop,clothes,,,,--
Premium Laces,shop,shoes,,,,--
SoHo Cafe,amenity,cafe,,,,--
J. Crew Mens Shop,shop,clothes,,,,--Broadway
Madewell,shop,clothes,+1 212-226-6954,https://stores.madewell.com/en/madewell-soho,,-10013-Broadway
Chase,amenity,bank,,,,--
Hoy Wong Restaurant,amenity,restaurant,,,,--Mott street
284 Mott Street,amenity,car_sharing,,,,--
PetSmart,shop,pet,,,,--
Urban Outfitters,shop,clothes,(212) 475-0009,https://www.urbanoutfitters.com/urban/stores/urban-outfitters-soho,,New York City-10012-Broadway
Think Coffee,amenity,cafe,,https://www.thinkcoffee.com/,,New York-10012-Mercer Street
Chrome,shop,shoes,,,,--
NYU Philosophy Department,amenity,university,,,,--
Vanessa's Dumpling House,amenity,restaurant,+1-212-625-8008,https://vanessas.com/,,New York-10002-Eldridge Street
Paul Frank Store,shop,clothes,,,,--
Toby's Public House,amenity,restaurant,,,,--
Whole Foods Bowery Beer Room,shop,alcohol,,,,--
Subway,amenity,fast_food,,www.subway.com,,-10002-Chrystie Street
Anthology Film Archives,amenity,cinema,+1-212-505-5181,http://www.anthologyfilmarchives.org/,,--2nd Avenue
United Colors of Benetton,shop,clothes,,https://benetton.com/,,--
Starbucks,amenity,cafe,+1-212-219-2961,,,New York-10002-Spring Street
Bite,amenity,cafe,,https://www.bitenyc.com/,,New York--Lafayette Street
Pinche Taqueria,amenity,restaurant,,,,--
Apothéke,amenity,bar,,https://www.apothekenyc.com/,,New York--Doyers Street
Joe's Shanghai,amenity,restaurant,+1 212-233-8888,https://www.joeshanghairestaurants.com/location_eng.html,,New York-10013-Pell Street
Sun Bright,tourism,hostel,,,,--Hester Street
NYPD 5 PCT,amenity,police,,,,--
Citi Bike,amenity,bicycle_rental,,https://citibikenyc.com/,,--
NYU Stern School of Business,amenity,university,,,,--
REI,shop,outdoor,+1-212-680-1938,https://www.rei.com/stores/soho.html,,New York-10012-Lafayette Street
Eileen's Special Cheesecake,shop,pastry,+1 212 966-5585,https://www.eileenscheesecake.com/,,New York-10012-Cleveland Place
Yonah Shimmel Knish Bakery,amenity,cafe,+1-212-477-2858,http://www.knishery.com,,-10002-East Houston Street
Whole Foods Market,shop,supermarket,+1-212-420-1320,https://www.wholefoodsmarket.com/stores/bowery,,-10002-East Houston Street
Jing Fong,amenity,restaurant,+1 212 964-5256,http://www.jingfongny.com/,,New York-10013-Elizabeth Street
Golden Unicorn,amenity,restaurant,+1 212 941 0911,http://www.goldenunicornrestaurant.com/,,New York-10002-East Broadway
Beverly's,amenity,bar,,http://beverlysnyc.com/,,New York-10002-Essex Street
Oriental Culture Enterprises Co,shop,books,,,,New York-10013-Elizabeth Street
Housing Works Bookstore Cafe,shop,books,+1 212-334-3324,https://www.housingworks.org/locations/bookstore-cafe,,New York-10012-Crosby Street
Dim Sum Go Go,amenity,restaurant,,,,--East Broadway
Noho Star,amenity,restaurant,+1 212 925-0070,http://www.nohostar.com/,,New York-10012-Lafayette Street
Lids,shop,clothes,,,,-10003-Broadway
The Bowery Market,amenity,restaurant,,,,-10012-Bowery
Japan Premium Beef,shop,butcher,+1-212-260-2333,http://www.japanpremiumbeef.com,,-10012-Great Jones Street
Le Souk New York - Restaurant & Hookah Lounge,amenity,restaurant,+1-212-777-5454,http://lesoukny.com/,,New York-10012-Laguardia Place
Bershka,shop,clothes,,,,-10012-Broadway
Harvestworks,amenity,studio,+1 212-431-1130,http://www.harvestworks.org,,-10012-Broadway
Dos Caminos,amenity,restaurant,+1-212-277-4300,https://www.doscaminos.com/soho/,,--West Broadway
The North Face,shop,clothes,,,,--Broadway
Brinkley's,amenity,pub,,,,--
Dean and Deluca,shop,deli,,,,--
Delicatessen,amenity,restaurant,,,,--
La Esquina,amenity,restaurant,,,,-10012-Kenmare Street
La Colombe Coffee Roasters,amenity,cafe,,,,-10012-Lafayette Street
Dita,shop,optician,,,,-10012-Lafayette Street
Carhartt WIP,shop,clothes,+1 212-219-2934,,newyork@carhartt-wip.com,-10012-Lafayette Street
Pomodoro,amenity,restaurant,,,,New York-10012-Spring Street
Allsaints Spitalfields,shop,clothes,,,,-10012-Broadway
The Vintage Twin,shop,clothes,,,,-10012-Broadway
Brendi Melville,shop,clothes,,,,-10012-Spring Street
aerie,shop,clothes,,,,-10012-Spring Street
MUJI at MoMA,shop,clothes,,,,-10012-Spring Street
Google Store,shop,computer,,,,-10012-Spring Street
Soho Park,amenity,fast_food,,,,--
Open Door Senior Center,amenity,community_centre,+1 212 431 9026,https://www.cpc-nyc.org/senior_s.htm,,New York-10013-Grand Street
Nom Wah Nolita,amenity,restaurant,1-646-478-8242,,,-10012-Kenmare Street
piacere nyc,amenity,restaurant,,,,-10013-Broome Street
Cocoron,amenity,restaurant,+12129660800,http://www.cocoronandgoemon.com/,,-10012-Kenmare Street
Spoke & Weal,shop,hairdresser,,https://www.spokeandweal.com,,-10013-Grand Street
Garrett Leight California Optical,shop,optician,,https://www.garrettleight.com,,-10013-Grand Street
The Ship,amenity,bar,,,,-10013-Lafayette Street
Le Poisson Rouge,amenity,theatre,,https://lpr.com/,,-10012-Bleecker Street
Third Rail Coffee,amenity,cafe,,,,New York-10012-Sullivan Street
Starbucks,amenity,cafe,,,,New York-10003-Waverly Place
The Bitter End,amenity,bar,+1-212-673-7030,http://www.bitterend.com/,info@bitterend.com,--Bleecker Street
CC Restaurant Supplies,shop,appliance,(212) 219-2627,,,New York-10002-Eldridge Street
Chinese American Planning Council,amenity,community_centre,(212) 941-0030,https://cpc-nyc.org,,New York-10002-Eldridge Street
Chair Up,shop,furniture,(212) 353-0056,https://chairup.com,,New York-10002-Delancey Street
D3 Busline,amenity,bus_station,(646) 210-8928,,,New York-10002-Delancey Street
New Chung Wah Sign & Store,shop,art,(212) 995-9756,,,New York-10002-Delancey Street
Sonnyboy,amenity,restaurant,,,,New York-10002-Rivington Street
Subway,amenity,fast_food,,,,New York-10002-Delancey Street
Centre Seafood,shop,seafood,+1-212-966-6299,,,-10013-Centre Street
The American Society of Buddhist Studies,amenity,place_of_worship,,,,-10013-Centre Street
Elaine Face Work,shop,beauty,,,,-10013-Centre Street
Garden City Floral Arts,shop,garden_centre,+1-212-219-0235,,,-10013-Centre Street
Optical 88,shop,optician,,,,-10013-Mott Street
New York Marts,shop,supermarket,,,,-10013-Mott Street
Officina Mille Miglia,amenity,restaurant,,,,-10013-Broome Street
Singapore Malaysia Beef Jerkey,shop,food,+1-212-965-0796,https://malaysiabeefjerky.com,,-10013-Elizabeth Street
Chinatown Federal Savings Bank,amenity,bank,,https://hanoverbank.com,,-10002-Bowery
New Bulbs World,shop,lighting,,,,-10002-Chrystie Street
Lena,amenity,restaurant,+1-212-343-7425,https://lena-nyc.com,,-10002-Eldridge Street
CT Seafood Marts,shop,seafood,,,,--
The GEM Hotel Soho,tourism,hotel,,,,-10002-East Houston Street
U.S. Pacific Hotel,tourism,hotel,,,,-10013-Bowery
Hong Kong Supermarket,shop,supermarket,,,,-10013-Hester Street
Nickel & Diner,amenity,restaurant,+1-646-870-6100,https://www.nickelanddiner.com,,-10013-Howard Street
New Top Jewelry,shop,jewelry,+1-212-226-8159,,,-10013-Centre Street
Toto Group,shop,cosmetics,,,,-10013-Centre Street
Toto Beauty,shop,beauty,,,,-10013-Centre Street
Relax Foot Spa,shop,massage,,,,-10013-Centre Street
CPC Chung Pak Day Care Center,amenity,childcare,,,,-10013-Walker Street
A Plus Z,shop,herbalist,,,,-10013-Walker Street
Alimama Tea,amenity,cafe,,,,-10013-Bayard Street
Nail Sail & Beyond,shop,beauty,+1-212-608-1005,,,-10013-Baxter Street
Wah Yeong,shop,gift,,,,-10013-Mulberry Street
Pasteur,amenity,restaurant,+1-212-608-3656,https://www.pasteurgrill.com,,-10013-Baxter Street
Manhattan Florist,shop,florist,+1-212-385-0003,,,-10013-Bayard Street
New T.Y.K. Ginsing & Herbs,shop,herbalist,+1-212-349-4439,,,-10013-Bayard Street
Shanghai Cruisine,amenity,restaurant,+1-212-732-8988,,,-10013-Bayard Street
City Park Convenient Store,shop,convenience,,,,-10013-Bayard Street
100 Gates Project,tourism,museum,,https://100gates.nyc,,--
Yee Li,amenity,restaurant,+1 212 219-3686,,,New York-10013-Elizabeth Street
Hotel 50 bowrey,tourism,hotel,,,,New York City-10013-Bowery
Mott Street Optical,shop,optician,+1 212-431-8188,https://www.mottoptical.com/pages/mott-street-optical,mott@mottoptical.com,New York-10013-Mott Street
FQNY Gift Shop,shop,electronics,,,,-10013-Mott Street
7955 AE Comapny,shop,herbalist,,,,New York-10013-Bayard Street
Shu Jiao Fu Zhou Cuisine,amenity,restaurant,,,,-10002-Eldridge Street
Subway,amenity,fast_food,,,,-10002-Grand Street
Grey Lady,amenity,bar,+1-646-580-5239,https://www.greyladynyc.com,,-10002-Delancey Street
Magenta Plains,tourism,gallery,+1-917-388-2464,http://www.magentaplains.com,,-10002-Allen Street
Wanda Coach,amenity,bus_station,+1 917 717 4666,https://www.wandacoach.com,,-10002-Canal Street
Xenozero Gaming,shop,games,,,,-10002-Ludlow Street
FlixBus,shop,ticket,,https://www.flixbus.com/eastern-bus,,-10002-Allen Street
Yummy Kitchen,amenity,restaurant,,,,-10002-Allen Street
Citibank,amenity,bank,,,,New York-10013-Canal Street
EastWest Unibank,amenity,bank,,,,New York-10002-Bowery
EastWest Unibank,amenity,bank,,,,--
HSBC,amenity,bank,,,,--
TD Bank,amenity,bank,,,,New York-10013-Canal Street
Ben Sherman,shop,clothes,,,,--
Best Western Bowery Hanbee Hotel,tourism,hotel,2129251177,http://www.bw-boweryhanbeehotel.com/,,New York-10013-Grand Street
Capital One,amenity,bank,,,,New York-10013-Bowery
Chase,amenity,bank,,,,--
Chase,amenity,bank,,,,--
First American International Bank,amenity,bank,,,,--
Kung Fu Tea,amenity,cafe,,,,--
Mulberry Branch,amenity,library,,,,New York-10012-3332-Jersey Street
puck fair,amenity,bar,,,,--
Janes Market,shop,convenience,,,,-10038-Saint James Place
Wo-Hop,amenity,restaurant,,,,-10013-Mott Street
Shanghai 21,amenity,restaurant,,,,-10013-Mott Street
Peachy's,amenity,bar,6468959301,http://www.chinesetuxedo.com,,-10013-Doyers Street
Buddha Bodai,amenity,restaurant,+1-212-566-8388,https://www.buddha-bodai.com,,-10013-Mott Street
Café Grumpy,amenity,cafe,+1-212-777-7515,https://cafegrumpy.com/locations/lower-east-side/,,New York-10002-Essex Street
CC’s Cafe,amenity,cafe,(212) 571-1060,https://ccscafe.nyc,,New York-10002-Monroe Street
Confucius Plaza Medical Offices,amenity,doctors,+1-212-431-4333,,,-10002-Bowery
Royal Business Bank,amenity,bank,+1-212-431-3231,,,-10002-Bowery
Fei Tenc Seafood,amenity,restaurant,(212) 274-8659,https://jinlianfoochow.com,,New York-10002-Market Street
Shui Mei Cafe,amenity,restaurant,(212) 791-2819,,,New York-10002-East Broadway
Golden Way Market,shop,supermarket,,,,New York-10002-Market Street
United States Post Office,amenity,post_office,,,,New York-10002-East Broadway
Gin Lane,amenity,studio,(212) 260-9565,https://ginlane.com,,New York-10002-East Broadway
Labor Skateboard Shop,shop,sports,+1-646-351-6792,http://laborskateshop.com/,laborskateshop@gmail.com,-10002-Canal Street
Hotel91,tourism,hotel,,,,New York-10002-East Broadway
Joe's Pub at the Public,amenity,bar,,,,New York-10003-Lafayette Street
New Green Bo,amenity,restaurant,,,,New York-10013-Bayard Street
Marmalade Vintage,shop,clothes,212.473.8070,http://www.marmaladevintage.com/,marmaladevintage@gmail.com,New York-10012-Mott Street
Howard Johnson Manhattan Soho,tourism,hotel,,,,New York--Allen Street
Matchless Gifts Hare Krishna Temple,amenity,place_of_worship,,http://krishnanyc.com/,,New York-10003-2nd Avenue
The Bowery House,tourism,hostel,+1 212-837-2373,http://www.theboweryhouse.com,,--Bowery
Dudleys,amenity,restaurant,,,,New York-10002-Orchard Street
Cafe Katja,amenity,restaurant,+1 212-219-9545,https://www.cafekatja.com,,New York-10002-Orchard Street
Sticky Rice,amenity,restaurant,+1-212-274-8208,https://www.stickyriceles.com,,New York-10002-Orchard Street
An Choi,amenity,restaurant,,,,New York-10002-Orchard Street
Roasting Plant,amenity,restaurant,,,,New York-10002-Orchard Street
Barrio Chino,amenity,restaurant,,,,New York-10002-Broome Street
The Fat Radish,amenity,restaurant,,,,New York-10002-Orchard Street
Leadbelly,amenity,restaurant,,,,New York-10002-Orchard Street
Bacaro,amenity,restaurant,,,,New York-10002-Division Street
Emma Peel Room,amenity,bar,+1-646-918-6529,,,New York-10002-Broome Street
Irving Farm Coffee Roasters,amenity,cafe,+1-212-228-8880,https://irvingfarm.com/pages/lower-east-side,,--Orchard Street
Bitcoin Center NYC,amenity,atm,,https://bitcoincenternyc.com/,,New York-10012-Cleveland Place
Café Select,amenity,restaurant,,http://www.cafeselectnyc.com/,,--
Osteria Morini,amenity,restaurant,+1-212-965-8777,https://osteriamorini.com/soho-nyc/,info@osteriamorini.com,--Lafayette Street
Frank's Hairstylist,shop,hairdresser,,,,New York-10012-Thompson Street
Time Landscape,tourism,artwork,,,,--
Astor Place Cube,tourism,artwork,,,,--
Astor Place Theatre,amenity,theatre,,https://www.blueman.com/new-york/about-show,,--
Mother's Ruin,amenity,restaurant,,,,New York--Spring Street
Fanelli Cafe,amenity,restaurant,+1-212-226-9412,,,--
Citi Bike - Mercer St & Spring St,amenity,bicycle_rental,,https://citibikenyc.com/,,--
Favela Cubana,amenity,restaurant,,,,--LaGuardia Place
Legend West Village,amenity,restaurant,646-918-6216,,,--
Go! Go! CURRY!,amenity,restaurant,,,,New York-10012-Thompson Street
La Colombe Coffee Roasters,amenity,cafe,212 677 5834,https://www.lacolombe.com/,,New York-10003-Lafayette Street
Toloache,amenity,restaurant,+1-212-420-0600,http://toloachenyc.com/,,New York-10012-Thompson Street
Jadis Wine Bar,amenity,restaurant,+1-212-254-1675,http://www.jadisnyc.com,info@jadisnyc.com,New York-10002-Rivington Street
Hollister,shop,clothes,,,,--
Balthazar,amenity,restaurant,,,,--Spring Street
The Grey Dog,amenity,restaurant,+1-212-966-1060,https://thegreydog.com/,,--Mulberry Street
Tartinery,amenity,cafe,,,,New York-10012-Mulberry Street
Cafe Habana,amenity,restaurant,,,,New York-10012-Prince Street
Sacred Chow,amenity,restaurant,,,,--
Citi Bike - Allen St & Hester St,amenity,bicycle_rental,,https://citibikenyc.com/,,--
Citi Bike - Bayard St & Baxter St,amenity,bicycle_rental,,https://citibikenyc.com/,,--
Citi Bike - Catherine St & Monroe St,amenity,bicycle_rental,,https://citibikenyc.com/,,--
Citi Bike - Cleveland Pl & Spring St,amenity,bicycle_rental,,https://citibikenyc.com/,,--
Citi Bike - Division St & Bowery,amenity,bicycle_rental,,https://citibikenyc.com/,,--
Citi Bike - E 2 St & 2 Ave,amenity,bicycle_rental,,https://citibikenyc.com/,,--
Citi Bike - Elizabeth St & Hester St,amenity,bicycle_rental,,https://citibikenyc.com/,,--
Citi Bike - Forsyth St & Broome St,amenity,bicycle_rental,,https://citibikenyc.com/,,--
Citi Bike,amenity,bicycle_rental,,https://citibikenyc.com/,,--
Citi Bike - Great Jones St,amenity,bicycle_rental,,https://citibikenyc.com/,,--
Citi Bike - Howard St & Centre St,amenity,bicycle_rental,,https://citibikenyc.com/,,--
Citi Bike - LaGuardia Pl & W 3 St,amenity,bicycle_rental,,https://citibikenyc.com/,,--
Citi Bike - Lafayette St & Jersey St,amenity,bicycle_rental,,https://citibikenyc.com/,,--
Citi Bike - Mercer St & Bleecker St,amenity,bicycle_rental,,https://citibikenyc.com/,,--
Citi Bike - Mott St & Prince St,amenity,bicycle_rental,,https://citibikenyc.com/,,--
Citi Bike,amenity,bicycle_rental,,https://citibikenyc.com/,,--
Citi Bike,amenity,bicycle_rental,,https://citibikenyc.com/,,--
Citi Bike - Rivington St & Chrystie St,amenity,bicycle_rental,,https://citibikenyc.com/,,--
Citi Bike - Shevchenko Pl & E 7 St,amenity,bicycle_rental,,https://citibikenyc.com/,,--
Citi Bike - St James Pl & Oliver St,amenity,bicycle_rental,,https://citibikenyc.com/,,--
Citi Bike - Stanton St & Chrystie St,amenity,bicycle_rental,,https://citibikenyc.com/,,--
Citi Bike - Washington Pl & Broadway,amenity,bicycle_rental,,https://citibikenyc.com/,,--
The Randolph At Broome,amenity,bar,,,,New York--Broome Street
App Academy,amenity,dojo,,,,New York City-10018-Broadway
Terra Blues,amenity,bar,+1-212-777-7776,https://www.terrablues.com/,,--Bleecker Street
The Red Lion,amenity,bar,+1-212-260-9797,https://redlionnyc.com/,info@redlionnyc.com,--Bleecker Street
Wicked Willy's,amenity,bar,,http://www.wickedwillysny.com/,,--Bleecker Street
Bodhi,amenity,restaurant,+1-212-233-2921,http://www.buddhavegetarian.com,,New York--Mulberry Street
Lin Zexu,historic,memorial,,,,--
World Hotel,tourism,hotel,+1-1-212-226-5522,https://worldhotelnyc.com,,--
Bakery,shop,bakery,,,,--
Adidas,shop,sports,,,,--
4th Street Food Co-Op,shop,supermarket,,https://www.4thstreetfoodcoop.org/,,New York-10003-East 4th Street
Simply Bakery,shop,bakery,+1 212 775-1188,,,New York-10013-Bayard Street
Bayard Street Obstetrics and Gynecology,amenity,clinic,+1 212 226-5530,http://bayardstobgyn.com/,,New York-10013-Bayard Street
Dr. David H. Lifschutz MD,amenity,doctors,212-529-2733,http://drdavidhlifschutzmd.com,dhlifschutzmd@gmail.com,New York City-10012-Broadway
Lucky Star Bamboo Depot,shop,supermarket,,,,New York-10013-Bayard Street
Mei Lai Wah Coffee,amenity,restaurant,,,,New York-10013-Bayard Street
Gee How Oak Tin Association,amenity,community_centre,,,,--
Bayard L. C. Pharmacy,amenity,pharmacy,,,,New York-10013-Bayard Street
Sam's Spring Roles,amenity,restaurant,,,,--
More Parlour,amenity,cafe,,,,--
Bicycle Habitat,shop,bicycle,212-431-3315,https://www.bicyclehabitat.com/storelocator,,--
Hair Lounge,shop,hairdresser,,,,--
Taasha Deli Grocery,shop,convenience,,,,--
G-Star RAW,shop,clothes,,,,--
Gato,amenity,restaurant,(212)334-6400,http://gatonyc.com/,,--
Happy Paws,shop,pet,,,,--
Allen & Grand El 1881,historic,yes,,,,--
6th & 8th St El 1881,historic,yes,,,,--
The Half Pint,amenity,pub,+1-212-260-1088,http://www.thehalfpintnyc.com/,,--West 3rd Street
Juans Grocery Store,shop,supermarket,,,,--
24 Hour Deli,amenity,fast_food,,,,--
Candy shop,shop,confectionery,,,,--
BBar & Grill,amenity,restaurant,+1 212 475 2220,http://www.bbarandgrill.com/,,New York-10003-East 4th Street
Astor Wines & Spirits,shop,alcohol,+1-212-674-7500,https://www.astorwines.com,customer-service1@astorwines.com,-10003-Lafayette Street
Other Music,shop,music,,,,-10003-East 4th Street
Duane Reade,amenity,pharmacy,+1-212-473-1027,https://www.walgreens.com/locator/walgreens-4+w+4th+st-new+york-ny-10012/id=14247,,-10012-West 4th Street
Good Records NYC,shop,music,,,,-10003-East 5th Street
Attaboy,amenity,bar,,,,--Eldridge Street
Pulqueria,amenity,restaurant,,,,--Doyers Street
Mulberry Project,amenity,bar,,,,--Mulberry Street
Après-Ski Fondue Chalet at Café Select,amenity,bar,,,,--Lafayette Street
Kuma Inn,amenity,restaurant,,,,--Ludlow Street
Muji,shop,department_store,+1-212-358-8693,https://www.muji.com/us,,--Cooper Square
VBar & Cafe,amenity,bar,+1 212 253 5740,https://www.vbarandcompany.com/location/vbar-cafe/,,--
Tacombi,amenity,bar,+1 917 727 0179,http://tacombi.com/locations/Nolita,,-10012-
The Butcher Daughter,amenity,restaurant,,,,--Kenmare Street
Peking House,amenity,restaurant,,,,--Mott Street
Piccola Strada,amenity,restaurant,,,,--East 4th Street
McDonald's,amenity,fast_food,+1 212-529-9660,mcdonalds.com,,-10003-
Under Armour store,shop,clothes,,,,-10012-Broadway
Benito One,amenity,restaurant,,,,-10013-
The Mercer Kitchen,amenity,restaurant,+12129665454,https://themercerkitchen.com/,,-10012-Prince Street
H&M,shop,clothes,,,,-10012-Broadway
Chipotle,amenity,fast_food,,,,--
Bank of America,amenity,bank,,,,--
Forever 21,shop,clothes,,,,--
Prada,shop,clothes,,,,--
H&M,shop,clothes,,,,--
Pravda New York,amenity,pub,+1-212-226-4944,http://www.pravdany.com/,,New York-10012-Lafayette Street
one mile place,amenity,bar,+16465590702,http://www.onemilehousenyc.com,,-10002-
Bohemian,amenity,restaurant,,,,--
Sun's Organic Garden,amenity,cafe,+1 212-566-3260,,,-10013-Bayard Street
Nom Wah Tea Parlor,amenity,cafe,,,,--
house of vegetarian,amenity,restaurant,,,,--
May-Wah Vegetarian Supermarket,shop,supermarket,+12123344428,,,--Hester Street
Sweetgreen,amenity,restaurant,,,,-10012-Kenmare Street
Cha Cha Matcha,amenity,cafe,,https://chachamatcha.com/pages/locations?location=new-york-city,,-10013-Broome Street
Dirt Candy,amenity,restaurant,+1 212 228-7732,http://www.dirtcandynyc.com/,,New York-10002-Allen Street
Rubirosa,amenity,restaurant,,,,--
10 Below Ice Cream,amenity,cafe,,,,--
Mahayana Buddhist Temple,amenity,place_of_worship,+1-212-925-8787,http://mahayana.us,,-10002-Canal Street
Liz Christy Garden,tourism,attraction,,,,--
Panorama Will Call,tourism,artwork,,,,--
Wing on Wo & Co,shop,gift,2129623577,,,--
Bowery ballroom,amenity,nightclub,,http://www.boweryballroom.com/,,--
Colonnade row,tourism,attraction,,,,--
Quantum Leap,amenity,restaurant,+1-212-677-8050,http://www.quantumleaprestaurant.com/,,--Thompson Street
Italian American Museum,tourism,museum,+1 212-965-9000,http://italianamericanmuseum.org/,,New York--Mulberry Street
Vandal,amenity,restaurant,,,,--Bowery
Canal Street,tourism,attraction,,,,--
Chinatown,tourism,attraction,,,,--
Pink,shop,clothes,,,,--
Converse,shop,shoes,,,,--
theBoil,amenity,restaurant,,https://www.theboilny.com/,,New York-10002-Chrystie Street
Amazing 66,amenity,restaurant,,http://amazing66.com/,,New York City-10013-Mott Street
Crate and Barrel,shop,houseware,,,,New York City-10012-Broadway
Blue Ribbon Fried Chicken,amenity,restaurant,+1 212 228-0404,https://blueribbonfriedchicken.com/,,New York-10003-East 1st Street
Victoria's Secret,shop,clothes,+1-212-219-3643,https://www.victoriassecret.com/store-locator#/store/774,,--Broadway
Gyu-Kaku Japanese BBQ,amenity,restaurant,,,,--
Xi'an Famous Foods,amenity,fast_food,,,,--
49 Crosby,tourism,hotel,,,,--
UGG,shop,shoes,,,,--
Fuleen Seafood,amenity,restaurant,,,,--
Great NY Noodletown,amenity,restaurant,,,,--Bowery
Warby Parker,shop,optician,+1-646-568-3720,https://www.warbyparker.com/retail/new-york/121-greene-st,help@warbyparker.com,--Greene Street
Museum of Chinese in America,tourism,museum,+1-855-955-6622,https://www.mocanyc.org,info@mocanyc.org,-10013-Centre Street
SPRING,amenity,restaurant,,,,--Kenmare Street
Uncle Boons,amenity,restaurant,+1 646 370 6650,http://www.uncleboons.com/,,New York-10012-Spring Street
Peasant,amenity,restaurant,+1 212 965 9511,http://www.peasantnyc.com/,,New York-10012-Elizabeth Street
12 Corners,amenity,cafe,+1 646 717 2849,http://12cornerscoffee.com/index.html,,New York-10013-Mott Street
The North Face,shop,outdoor,+1 212-260-1000,http://stores.thenorthface.com/ny/new-york/USA18/,,-10012-Wooster Street
Zu Yuan Spa,shop,massage,+1 718 808 5559,,,New York-10013-Mott Street
The Smile,amenity,restaurant,+1 646 329 5836,http://www.thesmilenyc.com/,,New York-10012-Bond Street
USA Shaolin Temple,amenity,place_of_worship,+1-212-358-7876,https://www.usashaolintemple.com,,-10002-Allen Street
The Glass Room,tourism,museum,,,,New York-10012-Mulberry Street
Ramen Lab,amenity,restaurant,+1 646 613-7522,http://www.ramen-lab.com/,,New York-10012-Kenmare Street
Juice Generation,amenity,fast_food,+1 (212) 334-1088,https://www.juicegeneration.com/locations/index/show/id/13/,,New York-10012-Prince Street
Supreme,shop,clothes,,,,--
Starbucks,amenity,cafe,+1 212-219-2725,https://www.starbucks.com/store-locator/store/11834/canal-and-centre-241-canal-street-new-york-ny-100134118-us,,-10013-Canal Street
New Style Hand Pulled Noodles,amenity,restaurant,,,,--
Fiat Café,amenity,restaurant,,,,--
ICP International Center of Photography Museum,tourism,museum,2128570000,https://www.icp.org/facilities/museum,,-10012-
Solstice,shop,clothes,,,,--
Kings Avenue Tattooing NYC,shop,tattoo,,,,--
Free People,shop,clothes,,,,-10012-
DŌ. Cookie Dough Confections,shop,confectionery,+1 646-892-3600,https://www.cookiedonyc.com/,info@cookieDOnyc.com,-10012-
Topman,shop,clothes,,,,--Broadway
Gallery 11R,tourism,artwork,,,,--
Egg shop,amenity,cafe,,,,--Elizabeth Street
Greecologies,amenity,cafe,,,,--
Two hands,amenity,restaurant,,,,--
Courant Institute of Mathematical Sciences,amenity,university,,,,New York-10012-Mercer Street
Loreley Beer Garden,amenity,restaurant,,http://www.loreleynyc.com/,,--Rivington Street
Paulaner Brauhaus & Restaurant NYC,amenity,restaurant,+12127800300,https://www.paulanernyc.com/,,-10002-Bowery
Taïm,amenity,fast_food,,,,-10012-Spring Street
Paesano's,amenity,restaurant,,,,--
& Other Stories,shop,clothes,,,,-10012-
American Two Shot,shop,clothes,,,,--
Hometown Hotpot & BBQ,amenity,restaurant,,,,-10013-
Hou Yi Hot Pot,amenity,restaurant,12129663420,,,-10002-
Chinatown Ice Cream Factory,amenity,restaurant,,,,--
Taiwan Pork Chop House,amenity,restaurant,2127917007,,,-10013-Doyers Street
Cafe Integral,amenity,cafe,,,,--
Bánh Mi Saigon,shop,bakery,,,,--
Silk Road Cafe,amenity,cafe,,,,--
Best Buy,shop,electronics,+1-212-673-4067,https://stores.bestbuy.com/ny/new-york/622-broadway-609.html,S-000609-Leaders@bestbuy.com,--Broadway
east broadway mall,shop,mall,,,,New York-10002-East Broadway
88 palace,amenity,restaurant,,,,New York-10002-East Broadway
fu zhou,amenity,fast_food,,,,New York-10002-East Broadway
morgenstern's finest ice cream,amenity,cafe,,http://morgensternsnyc.com,,--Rivington Street
samuji nolita,shop,clothes,,https://samuji.com/,,-10012-Prince Street
mcnally jackson,shop,books,,http://mcnallyjackson.com,,-10012-Prince Street
& Other Stories,shop,clothes,+1 212-767-3063,https://www.stories.com,,-10012-Broadway
Brandy Melville,shop,clothes,+1 212-966-6569,https://www.brandymelvilleusa.com/,,--Prince Street
brandy melville broadway,shop,clothes,,https://www.brandymelvilleusa.com/,,--
Mooshoes,shop,shoes,,,,-10002-Orchard Street
The evolution store,shop,gift,,,,--Broadway
Toms,shop,clothes,,,,--
The Scratcher,amenity,pub,+1-212-477-0030,,,New York-10003-East 5th Street
Adams Restaurant Equipment Supply,shop,trade,,,,--
Delancey Restaurant Equipment / supply,shop,trade,,,,--
Bari Restaurant & Pizza Equipment,shop,trade,,,,--
Little Cupcake Bakeshop,shop,pastry,+1 212-941-9100,http://www.littlecupcakebakeshop.com,,-10012-Prince Street
Rebelle,amenity,restaurant,,,,--
BT Kitchen Supplies Inc.,shop,trade,,,,--
Bowery Restaurant Supply Co,shop,trade,,,,--
Momofuku Ko,amenity,restaurant,,,,--
310 Bowery Bar,amenity,bar,,,,--
Chef Restaurant Supplies,shop,trade,,,,--
Rainbow Kitchen Hardware Supplies,shop,trade,,,,--
Miss Paradis,amenity,restaurant,,,,--
Pizza Prince,amenity,restaurant,,,,--
Joe's Ginger,amenity,restaurant,,,,-10013-
Delancey Laundromat,shop,laundry,+19179129899,,,-10002-Delancey Street
Famous Calabria Pizza,amenity,restaurant,+12122330009,,,-10038-Saint James Place
CVS Pharmacy,amenity,pharmacy,,,,--
Spacecowboys,shop,shoes,,,,--
Esther and Carol,amenity,restaurant,,,,--
Da Gennaro,amenity,restaurant,,,,--
Community Board #2,amenity,community_centre,,,,--
Prince Street Pizza,amenity,restaurant,+1 212-966-1960,,,-10012-Prince Street
Delight 28 Restaurant,amenity,restaurant,,,,--
Spaghetti Incident,amenity,restaurant,,http://www.spaghettiincidentnyc.com,,--
Rice to Riches,amenity,restaurant,,,,--
Scarr's Pizza,amenity,restaurant,+1-212-334-3481,https://www.scarrspizza.com,,New York-10002-Orchard Street
Sel Rrose,amenity,bar,+1-212-226-2510,https://selrrose.com,,-10002-Delancy Street
La Mela Italiano,amenity,restaurant,,,,--
Unique Hype Collection,shop,clothes,,,,New York-10013-Elizabeth Street
Morton Williams Supermarket,shop,supermarket,,,,--Bleecker Street
Chloe,amenity,cafe,,,,--
tiger bus,amenity,bus_station,,,,--
Carroll Place,amenity,restaurant,+1-212-260-1700,http://www.carrollplacenyc.com/,,New York-10012-Bleecker Street
Niketown,shop,shoes,,,,-10012-Broadway
Gasoline Alley coffee,amenity,cafe,,,,--Lafayette Street
Otherwild,shop,clothes,,,,-10003-
Nolitan hotel,tourism,hostel,,,,--Kenmare Street
Ramen Lab,amenity,restaurant,,,,--Kenmare Street
Goemon Curry,amenity,restaurant,,,,--Kenmare Street
Victoria Secret,shop,beauty,,,,--Broadway
Bath & Body Works,shop,cosmetics,,,,--Broadway
Scotch & Soda,shop,clothes,+1 212-966-3300,https://stores.scotch-soda.com/united-states/ny/new-york/273-lafayette-st.html,,-10012-Lafayette Street
Black Seed Bagels,amenity,cafe,+1 212-730-1950,https://www.blackseedbagels.com,,-10012-Elizabeth Street
Mile End Deli,amenity,restaurant,,,,--
No. 6 Store,shop,clothes,,,,--
Sweet Moment,amenity,cafe,,,,--
Happy Bones,amenity,cafe,,,,--
Bicycle Habitat,shop,bicycle,,,,--
Duane Reade,amenity,pharmacy,,,,--
Generation,amenity,pharmacy,,,,--Oliver Street
Liquors,shop,alcohol,,,,--
Citibank,amenity,bank,,,,--Laguardia Place
Madison,shop,alcohol,,,,--
Madison Supreme Laundromat,shop,laundry,(212) 732-9168,,,New York-10002-Madison Street
TD Bank,amenity,bank,,,,--Grand Street
The Market NYC,amenity,marketplace,,,,New York-10012-Mulberry Street
Lily’s,amenity,restaurant,,,,--Oliver Street
Captain Fried Chicken,amenity,fast_food,,,,--Madison Street
Domino's,amenity,fast_food,,,,--
K&K Deli,shop,convenience,,,,New York-10002-Market Street
Monro Grocery,shop,convenience,,,,--
Guan’s,shop,hairdresser,,,,--Madison Street
Alpine,shop,laundry,,,,--Saint James Place
Spicy Village,amenity,restaurant,,,,New York--Forsyth Street
Lure Fishbar,amenity,restaurant,,,,--
Golden Steamer,amenity,fast_food,,,,--
Cheeky Sandwiches,amenity,fast_food,,,,--Orchard Street
Dimes,amenity,restaurant,+1-212-925-1300,https://dimesnyc.com/,,--Canal Street
Project Cozy,amenity,cafe,+1-646-682-7613,https://www.projectcozy.com/,,New York-10013-Broome Street
Yung Sun Seafood Restaurant,amenity,restaurant,+1-212-346-9888,,,New York-10002-East Broadway
Cathy Bank,amenity,bank,,,,-10002-East Broadway
Amy's Hair Salon,shop,hairdresser,,,,--Pell Street
Chinatown Fair,shop,video_games,,,,--Mott Street
Ajisen Ramen,amenity,restaurant,,,,--Mott Street
Audrey Bakery & Cafe,shop,bakery,,,,--Chatham Square
Chung Wah Beauty Salon,shop,hairdresser,,,,--Pell Street
Ng Fook Funeral Service. LLC,shop,funeral_directors,,,,--Mulberry Street
Chinatown Optical,shop,optician,,,,--Mott Street
Mama Eatery,amenity,restaurant,,,,--Mulberry Street
Cleaners,shop,dry_cleaning,,,,--Mulberry Street
Glow Day Spa,shop,beauty,,,,--Pell Street
New Golden Fung Wong Bakery,shop,bakery,,,,--Mott Street
Famous Sichuan,amenity,restaurant,+1-212-233-3888,http://www.famoussichuanofnewyork.com,,--
SaSa Cosmetic & Skin Care,shop,beauty,,,,--Pell Street
Hair Le Pell,shop,hairdresser,,,,--Pell Street
Buy Rite Pharmacy,amenity,pharmacy,,,,--Chatham Square
Foot Heaven,shop,massage,2129626588,,,--Pell Street
Hong Kong Barber Shop,shop,hairdresser,,,,--Doyers Street
Bella Dental,amenity,dentist,2122336606,https://www.belladentalnyc.com/,,--Pell Street
Kelly Salon,shop,hairdresser,,,,--Pell Street
Mee Sum Cafe,amenity,cafe,,,,--Pell Street
Hop Shing Restaurant,amenity,restaurant,+1-212-267-0220,http://www.hopshing-nyc.com,,--
Transfiguration Roman Catholic School,amenity,school,,,,--Mott Street
Noodle Q,amenity,restaurant,+1 212-219-8223,http://www.noodleqchinatown.com/,,-10038-East Broadway
Tasty Dumping,amenity,restaurant,,,,--Mulberry Street
New Hong Kong Barber Shop,shop,hairdresser,,,,--Doyers Street
Pell Hair Salon,shop,hairdresser,,,,--Pell Street
USPS Chinatown Station,amenity,post_office,,,,--Doyers Street
Ya Fi Hair Salon,shop,hairdresser,,,,--Doyers Street
V One Salon,shop,beauty,,,,--Pell Street
Sichuan Hot Pot Cuisine,amenity,restaurant,2122678886,,,--Pell Street
Tasty Hand Pulled Noodles,amenity,restaurant,2127911817,,,--Doyers Street
Sanu Ria,amenity,restaurant,2122332286,,,--Doyers Street
Newgen Pharmacy,amenity,pharmacy,,,,--Pell Street
Vegetarian Dim Sum House,amenity,restaurant,+1-212-577-7176,,,--
Taiwan Bear House,amenity,restaurant,,,,--Pell Street
The First Chinese Baptist Church,amenity,place_of_worship,,,,--Pell Street
Farreros Bakery,shop,bakery,,,,--Mulberry Street
Chinatown Ice Cream Factory,amenity,ice_cream,+1 212-608-4170,http://www.chinatownicecreamfactory.com/,,New York-10013-Bayard Street
Morgenstern's Finest Ice Cream,amenity,ice_cream,,,,--Rivington Street
Green Fingers Market,shop,clothes,,,,--Rivington Street
Fragrance Shop,shop,beauty,,,,--
Bowery Bliss,amenity,swingerclub,,,,--Bowery
Little Canal,amenity,cafe,(917) 472-7479,,,New York-10002-Canal Street
Landmark Coffee Shop & Pancake House,amenity,restaurant,,,,--Centre Street
EBike,shop,bicycle,,,,--
Parisi Bakery Delicatessen,shop,deli,+1 212-226-6378,http://www.parisibakery.com/our_deli.html,,-10012-Mott Street
Dashwood Books,shop,books,,,,--Bond Street
2nd Avenue & East 2nd Street,amenity,post_box,,,,--
Bust of Sylvette,tourism,artwork,,,,--
Silver Spurs,amenity,restaurant,+1-212-228-2333,,,--LaGuardia Place
Rivington Guitars,shop,musical_instrument,,,,--East 4th Street
Troquet,amenity,bar,,,,--Grand Street
Eyesmate Optical,shop,optician,,,,--Mott Street
Tre Giovani,amenity,restaurant,+1-212-475-7420,https://www.tregiovaninewyork.com/,,--LaGuardia Place
WS Hairstyling,shop,hairdresser,,,,--LaGuardia Place
Ferrara,amenity,restaurant,,,,--Grand Street
Vincent,amenity,restaurant,,,,--Mott Street
Cafe Napoli,amenity,restaurant,,,,--Hester Street
John Jovino,shop,weapons,+1-212-925-4881,,,--Grand Street
Manhattan Grand Optical,shop,optician,,,,--Grand Street
Shanghai Dumpling,amenity,restaurant,2129668698,,,--Mott Street
Baz,shop,bakery,,,,--Grand Street
Cafe Roma,amenity,cafe,,,,--Broome Street
Allbirds,shop,shoes,+1 888-963-8944,https://www.allbirds.com/pages/stores#nyc,help@allbirds.com,-10012-Prince Street
Bonnie Slotnick Cookbooks,shop,books,+1-212-989-8962,http://www.bonnieslotnickcookbooks.com,,New York-10003-East 2nd Street
Jack's Wife Freda,amenity,restaurant,+1-212-510-8550,http://jackswifefreda.com/,info@jackswifefreda.com,--Lafayette Street
Christmas in NY,shop,furniture,,,,--
CVS Pharmacy,amenity,pharmacy,,,,--
Kith,shop,clothes,,,,--Bleecker Street
Hao Zu Dao,shop,massage,+1-212-796-7878,,,New York--Mott Street
The evolution store,shop,convenience,,,,-10001-Broadway
Blick Art Materials,shop,craft,+1 212-431-3864,https://www.dickblick.com/stores/new-york/new-york-city-chinatown/,,-10013-Lafayette Street
Papyrus,shop,newsagent,,,,--
Honeybrains,amenity,restaurant,,,,--Lafayette Street
Tokyo Mart,shop,supermarket,+1-212-962-66222,,,--Mulberry Street
Halaal cart,amenity,fast_food,,,,--Houston Street
Village Postal Works,amenity,post_office,+1 646-922-7067,,,--
New University Pen And Stationery,shop,stationery,,,,--
First Technology,shop,mobile_phone,,,,--
Kam Man,shop,supermarket,+1-212-571-0330,https://www.kamman.com,,-10013-Canal Street
Warehouse Wines,shop,alcohol,+1-212-982-7770,,,--Broadway
Bang Bang,shop,tattoo,+12122192799,http://bangbangforever.com,,-10002-
Westwood Gallery,tourism,gallery,,,,New York-10012-Bowery
Foot Locker,shop,shoes,,,,--
Granyette Wine & Spirits,shop,alcohol,+1-212-925-1236,,,--Grand Street
New Era Flagship Store,shop,clothes,,,,--
New York Adorned,shop,tattoo,+1-212-473-0007,https://nyadorned.com/,info@nyadorned.com,--2nd Avenue
Katra Lounge,amenity,bar,+1-212-620-3033,http://www.katranyc.com/,,--Bowery
Multi Tastes Diner,amenity,restaurant,+1 212-587-8870,,,-10038-Saint James Place
Van Leeuwen Artisan Ice Cream,amenity,ice_cream,,,,--Spring Street
Orchard Grocer,shop,deli,+1-646-757-9910,https://www.orchardgrocer.com/,,--Orchard Street
Gelso & Grand,amenity,restaurant,,,,--
Bareburger,amenity,restaurant,+1-212-477-8125,https://bareburger.com/location/535-laguardia-pl/,,--La Guardia Place
Capital One,amenity,bank,+1-212-353-3050,https://locations.capitalone.com/?id=81696&address&city&state&zip=10012&searchType=branchSearch&useRadius=-1,,New York-10012-Bleecker Street
GMT Tavern,amenity,restaurant,+1-646-863-3776,http://gmtnyc.com/,info@gmtnyc.com,New York-10012-Bleecker Street
The Renee and Chaim Gross Foundation,tourism,museum,+1-212-529-4906,http://www.rcgrossfoundation.org/,,New York-10012-Laguardia Place
Peculier Pub,amenity,pub,+1-212-353-1327,http://www.peculierpub.com/,,New York-10012-Bleecker Street
The Underdog,amenity,restaurant,+1-212-253-8300,,,--Bleecker Street
The Malt House,amenity,pub,+1-212-228-7713,https://www.themalthousevillage.com/,hello@themalthousenyc.com,--Thompson Street
Bosie,amenity,restaurant,+1-212-352-9900,https://www.bosienyc.com/,info@bosienyc.com,--Laguardia Place
Mocha Burger,amenity,restaurant,+1-212-982-3800,http://www.mochaburger.com/,mochaburgernyc@gmail.com,--LaGuardia Place
Molcajete Taqueria,amenity,restaurant,+1-212-777-8226,,,--LaGuardia Place
Surya,amenity,restaurant,+1-212-875-1405,https://www.suryanyc.com/,,New York-10012-Bleecker Street
Skirball Center for the Performing Arts,amenity,theatre,+1-212-992-8484,https://nyuskirball.org/,skirball.center.info@nyu.edu,--LaGuardia Place
The Market Place at Kimmel,amenity,fast_food,+1-212-998-4573,https://nyu.campusdish.com/Locations/MarketPlaceatKimmel.aspx,,--Washington Square South
Karakatta,amenity,restaurant,+1-917-261-6297,,,--Thompson Streer
Chipotle,amenity,fast_food,,,,New York-10012-Spring Street
Banana Repbulic,shop,sunglasses,,,,New York City-10012-Broadway
Guess,shop,clothes,,,,New York-10012-Broadway
Steve Madden,shop,shoes,,,,New York City-10012-Broadway
Areppas,amenity,restaurant,,,,New York-10012-Cleveland Place
L’Appartment Sézane,shop,clothes,,https://www.sezane.com/,,--
Tyka Pharmacy,amenity,pharmacy,,,,--
Bowery Meat Company,amenity,restaurant,,,,-10003-East 1st Street
Breakroom,amenity,fast_food,+1 212 227 2802,,,-10013-Baxter Street
Lalito,amenity,restaurant,+1-646-998-3408,https://lalitonyc.com,,--
Debutea,amenity,restaurant,,,,New York-10012-Thompson Street
The Vitamin Shoppe,shop,nutrition_supplements,+1-212-995-8716,https://www.vitaminshoppe.com/sl/newyork-11,,-10003-Broadway
Astor Place Hairstylists,shop,hairdresser,+1 212-475-9854,http://astorplacehairnyc.com,,--Astor Place
wonton garden,amenity,restaurant,,,,--Mott street
Birch Coffee,amenity,cafe,+1 212-686-1444,http://birchcoffee.com/locations/soho/,soho@birchcoffee.com,New York-10012-West Houston Street
VapeNY,shop,e-cigarette,+1-516-399-0606,https://vapeny.com,,--Rivington Street
Rosie's,amenity,restaurant,,,,--
Mee Cafe,amenity,cafe,,,,--Rutgers Street
Blink,amenity,charging_station,,http://beamcharging.com/beam-locations.html#37,,New York--Allen Street
SleePare,shop,bed,+1-347-425-6001,https://www.sleepare.com,marketing@sleepare.com,New York-10012-Bowery
Roof Top at Public,amenity,bar,,,,--
Georgetown Cupcakes,amenity,cafe,,,,--
Café Grumpy,amenity,cafe,+1 212-226-6810,https://cafegrumpy.com/locations/nolita/,,New York City-10012-Mott Street
oo35mm,shop,cosmetics,+1 718-496-8163,https://oo35mm.com/,,-10013-Mott Street
Hwa Yuan,amenity,restaurant,,,,--
Dumplings & Noodles,amenity,restaurant,,,,--
Penguin Ice Cream,amenity,ice_cream,,http://www.penguinicecreamusa.com,,New York-10002-Hester Street
DECIEM,shop,cosmetics,+1 212-259-3075,https://deciem.com/stores,,-10012-Prince Street
MiN New York,shop,perfumery,+1 212-206-6366,https://us.min.com/pages/min-new-york,info@min.com,-10012-Crosby Street
Blue & Cream,shop,boutique,+1 212-533-3088,https://www.blueandcream.com,,-10003-East 1st Street
Nudie Jeans Repair Shop,shop,boutique,+1 212-966-0902,https://www.nudiejeans.com/stores/nudie-jeans-repair-shop-bowery,bowery@nudiejeans.com,-10012-Bowery
Aritzia,shop,clothes,+1 212-965-2188,https://www.aritzia.com/us/en/store?StoreID=2611,,-10012-Broadway
Schott NYC,shop,boutique,+1 212-219-1636,https://www.schottnyc.com/flagship-store.cfm,,-10012-Elizabeth Street
Unis,shop,boutique,+1 212-431-5533,https://www.unisnewyork.com,,-10012-Elizabeth Street
Marine Layer,shop,boutique,+1 646-478-8036,https://www.marinelayer.com/,,-10012-Elizabeth Street
Vince,shop,boutique,+1 212-343-1945,https://www.vince.com,,-10012-Prince Street
Freemans Sporting Club,shop,boutique,+1 212-673-3209,https://freemanssportingclub.com,info@freemanssportingclub.com,-10002-Rivington St
Ricky's NYC,shop,cosmetics,+1 212-226-5552,https://www.rickysnyc.com/590-broadway-store,,-10012-Broadway
Housing Works Thrift Shop,shop,charity,+1 646-786-1200,https://www.housingworks.org/locations/soho-thrift-shop,,-10012-Crosby Street
Xe Lua,amenity,restaurant,+12125778887,http://xeluanewyork.com,,-10013-
Sorbillo,amenity,restaurant,,,,--
Snow Peak,shop,outdoor,+1 212-226-8640,https://snowpeak.com/pages/new-york,soho.store@snowpeak.com,-10012-Crosby Street
Center for Architecture,tourism,museum,,https://www.centerforarchitecture.org/,,--LaGuardia Place
Mercer Hotel,tourism,hotel,+1-212-966-6060,https://www.mercerhotel.com/,,New York City-10012-Mercer Street
Karl LAGERFELD STORE,shop,clothes,,,,-10012-Broadway
Generation Records,shop,music,+1 (212) 254-1100,,,New York-10012-Thompson Street
Broken coconut,amenity,restaurant,,,,--
Pacific Aquarium & Plant,shop,fishing,(212) 995-5895,https://pacificnyc.com,,New York-10002-Delancey Street
Lululemon,shop,clothes,+1 212-334-8276,https://info.lululemon.com/stores/us/new-york/soho,soho-store@lululemon.com,--Prince Street
BoCaphe,amenity,cafe,+1 646 882 1939,http://bocaphe.com,,-10012-
Coco & Cru,amenity,restaurant,+1-212-614-3170,https://www.cocoandcru.com/,info@everyday-hospitality.com,--Broadway
Sweetwater Social,amenity,bar,+1-212-253-0477,https://www.drinksweetwater.com/,events@drinksweetwater.com,--Broadway
Han's Deli,shop,convenience,+1-212-473-8596,,,--Broadway
NoHo Hair Salon,shop,hairdresser,+1-212-777-2899,https://nohosalon.com/,nohosalonyc@gmail.com,--Broadway
Gregory's Coffee,amenity,cafe,+1-646-478-7258,http://gregoryscoffee.com/,,--Broadway
Hat Club,shop,clothes,+1-212-260-1313,,customerservice@hatclub.com,--Broadway
IT'SUGAR NoHo,shop,confectionery,+1-646-465-6151,https://itsugar.com/,,--Broadway
The Press Shop,amenity,fast_food,+1-646-707-0264,https://thepressshopnyc.com/,catering@thepressshopnyc.com,--Bleecker Street
Cafe Angelique,amenity,cafe,+1-212-475-3500,http://cafeangeliquenyc.com/,info@cafeangeliquenyc.com,--Bleecker Street
Swatch New York Broadway and Bleecker,shop,watches,+1-212-777-1002,https://swatch.com/,,--Broadway
Lafayette,amenity,restaurant,+1-212-533-3000,http://lafayetteny.com/,info@lafayetteny.com,--Lafayette
Cuyana,shop,boutique,+1 917-409-0432,https://www.cuyana.com/visit-us-nyc,,-10012-Prince Street
Totokaelo,shop,boutique,+1 844 8686523,https://totokaelo.com/,,-10012-Bowery
New Bo Bo Bicycle,shop,bicycle,+1 212-226-1668,,,--Elizabeth Street
Ten Ren,amenity,cafe,,http://tenrenusa.com,,--
Pizzeria Margherita,amenity,restaurant,,,,--
Ed's Lobster Bar,amenity,restaurant,,,,--
Le Labo Fragrances,shop,cosmetics,,,,-10012-Elizabeth Street
Maman,amenity,cafe,,,,--
TASHEN Store New York,shop,books,+1 212 226 2212,,,-10012-
Academy of Literary Circles,amenity,language_school,+1-917-450-3211,http://www.grammartutors.com,,New York-10002-Grand Street 3F
Soho Astrology,amenity,fortune_teller,+1-929-434-2454,,,-10012-Cleveland Place
Balzem,amenity,bar,,,,--Mott Street
Thurman Isaiah and widow Napoli,shop,clothes,+1 646-852-6175,https://www.260samplesale.com/,soho@260samplesale.com,-10012-Wooster Street
Ulla Johnson 260 Sample Sale,shop,clothes,+1 646-964-4957,https://www.260samplesale.com/,soho@260samplesale.com,-10012-Greene Street
Irving Farm Coffee Roasters,amenity,cafe,+1-646-398-7146,https://irvingfarm.com/,holler@irvingfarm.com,--West 3rd Street
Shinka ramen & sake bar,amenity,restaurant,,,,--Bowery
My plastic heart,shop,gift,,,,--
Chase,amenity,bank,,,,--Chatham Square
Aeon Bookstore,shop,books,9176757523,,,--East Broadway
Kiki's,amenity,restaurant,+1-646-882-7052,https://www.facebook.com/pages/Kikis/739458446170956,,--Division Street
Clandestino,amenity,bar,+1-212-475-5505,https://clandestinonyc.com/,info@clandestinonyc.com,--Canal Street
Cactus Store,shop,houseware,+1-347-903-8332,http://hotcactus.nyc/,boss@hotcactus.nyc,--Essex Street
The Hunt NYC,shop,antiques,+1-646-861-2245,http://thehuntnyc.com/,,--Canal Street
Vida Graphics & Signs,shop,art,+1-212-388-9388,https://vidasigns.com/,vidasigns@gmail.com,--Canal Street
First Class Tattoo,shop,tattoo,+1-646-998-5203,https://firstclasstattoos.com/,,--Canal Street
E Smoke & Convenience,shop,e-cigarette,+1-917-261-5054,https://esmokeconvenience.business.site/,,--Canal Street
Happy Express Cafe. Inc.,amenity,cafe,+1-212-965-9898,,,--Allen Street
Allen Street Pharmacy,amenity,pharmacy,+1-212-966-8287,,,--Allen Street
Asian Americans For Equality,amenity,social_facility,+1-212-979-8988,askaafe@aafe.org,,--Division Street
West New Malaysia Restaurant,amenity,restaurant,,,,-10013-Bowery
Books,shop,books,,,,-10012-Mercer Street
Bloody Angle,tourism,attraction,,,,--
A.P.C.,shop,clothes,+1 212-966-9685,https://www.apc-us.com/,,-10012-Mercer Street
A.P.C.,shop,clothes,+1 212-966-0049,https://www.apc-us.com/,,-10012-Bond Street
DSPTCH,shop,bag,+1 646-381-2214,https://www.dsptch.com/pages/info#new-york,,-10012-Elizabeth
Manhattan Portage,shop,bag,+1 212-226-9655,https://www.manhattanportage.com,,-10012-Elizabeth Street
Tumi,shop,bag,+1 646-613-9101,https://www.tumi.com/store/0000001036,,-10012-Prince Street
C.C. Filson,shop,clothes,+1 212-457-3121,https://www.filson.com/our-company/store-locator/nyc-store,,-10012-Great Jones Street
Meermin,shop,shoes,+1 646-781-9100,https://meermin.com/in_en/stores,nysoho@meermin.com,-10012-Greene Street
Hair Toto,shop,hairdresser,,,,-10013-Centre Street
Eastbank,amenity,bank,,,,-10013-Centre Street
Mimi So,shop,jewelry,,,,--
Hampton Chutney Co.,amenity,restaurant,+1-212-226-9996,https://hamptonchutney.com,,--
Fueguia,shop,perfumery,,,,-10013-Crosby Street
Max Bone,shop,pet,,https://www.max-bone.com,,--
Sia's,shop,beauty,,,,--
Dinosaur Designs,shop,jewelry,,,,--
Soho Thai,amenity,restaurant,+1-212-966-8916,,,--
Wu Lim Back & Foot Rub,shop,massage,,,,--
Five Points Academy,amenity,dojo,,https://www.academyfivepoints.com/,,--
Shanghai Asian Cruisine,amenity,restaurant,,,,--
The Bowery Beer Garden,amenity,bar,,,,--
Madison Liquor,shop,alcohol,,,,--
Sam Wai,shop,alcohol,,,,--East Broadway
Chase,amenity,bank,,,,--East 1st Street
Highline,shop,convenience,,,,--Canal Street
Anthony Liquors Inc,shop,alcohol,,,,--
Casa Mezcal,amenity,restaurant,,,,--
Round K,amenity,cafe,,,,--
Chinatown Supermarket,shop,supermarket,,,,--
Roni-Sues Chocolate,shop,chocolate,+1-212-677-1216,,,--Forsyth Street
Sun Hing Lung Co,amenity,fast_food,,,,--
Canal Loft Hostel & Hotel,tourism,hostel,,,,New York-10002-Canal Street
Maman,amenity,cafe,,,,--
Way Fong,shop,wholesale,+1-212-966-5665,https://wayfong.com,,--
Lina Foot Spa,shop,massage,+1-212-966-0178,,,--
Scissors Salon,shop,hairdresser,+1-212-334-6168,,,-10013-Centre Street
DNA Footware,shop,shoes,,,,-10012-Lafayette Street
joe’s pub,amenity,pub,,,,--
Chase,amenity,bank,,,,--
Pilgrim New York,shop,clothes,2124637720,https://pilgrimnyc.com/,,--Orchard Street
Nomad Vintage,shop,clothes,7186447634,https://nomadvintage.com/,,--East 6th Street
Procell,shop,clothes,2122262315,http://Instagram.com/procell,,--Delancey Street
Top Thai Greenwich,amenity,restaurant,,https://www.topthainyc.com/,,-10012-
Oddfellows Ice Cream,amenity,ice_cream,9174751812,https://www.oddfellowsnyc.com/,,--
Congee Village,amenity,restaurant,2129411818,http://congeevillagenyc.com,,-10002-Allen Street
Royal Seafood Restaurant,amenity,restaurant,2122192338,http://royal-seafood.com,,--Mott Street
Lung Moon Bakery,shop,bakery,+1-212-349-4945,,,--Baxter Street
Explore Chinatown Information Kiosk,tourism,attraction,,,,--
XO Kitchen,amenity,restaurant,2129658645,http://xokitchen.com,,--
Mango Mango,amenity,ice_cream,6469827421,https://www.mangomangodessert.com/,,--
Yaya Tea Garden,amenity,cafe,2122268803,http://www.yayatea.com,,--Chrystie Street
Yaya Tea Garden,amenity,cafe,2129292832,http://yayatea.com,,--Grand Street
Vanity Projects,amenity,nail salon,,,,New York--Chrystie Street
Sun Vin Grocery,shop,supermarket,+1-212-962-0382,,,--
Dollar More,shop,variety_store,,,,--
Hai Cang Trading,shop,seafood,,,,--
Asia Market Corp,shop,convenience,+1-212-962-2028,,,--
Pho Thanh Hoai,amenity,restaurant,+1-212-233-8988,,,--
United nude pop up,shop,clothes,,,,--Prince Street
yarnz,shop,clothes,,,,--
la perla,shop,clothes,,,,--
myriad schaefer,shop,clothes,,,,--Broadway
myrium schaefer,shop,clothes,,,,--Broadway
Citibank,amenity,bank,,,,New York-10012-Laguardia Place
Christmas in New York,shop,supermarket,,,,New York-10013-Mulberry Street
Indochine,amenity,restaurant,+12125055111,https://www.indochinenyc.com/,,-10003-
Bulletin Nolita,shop,supermarket,,,,New York-10012-Prince Street
The Wren,amenity,restaurant,,,,--
Taiyaki NYC,amenity,ice_cream,,,,--Baxter Street
Taiyaki NYC,amenity,ice_cream,,https://taiyakinyc.com/,,--
HUF,shop,clothes,,,,--
Emmanuel Barbault Gallery,shop,art,,,,--
IL Cortile,amenity,restaurant,2122266060,,,--Mulberry Street
La Nonna,amenity,restaurant,,,,--Mulberry Street
Da Nico,amenity,restaurant,,,,--
Luna Ristorante,amenity,restaurant,,,,--
Casa Bella,amenity,restaurant,,,,--
Matchabar,amenity,cafe,,https://matchabar.co/pages/locate#soho,,-10012-Prince Street
Aedes Perfumery,shop,perfumery,+1 212-206-8674,https://www.aedes.com,aedws@aedes.com,-10002-Orchard Street
Wendy's,amenity,fast_food,+1 212-674-5404,https://locations.wendys.com/united-states/ny/new-york/650-broadway,,-10012-Broadway
Jaya,amenity,restaurant,+1-212-219-3338,,,-10013-Baxter Street
Jen 127,shop,gift,,,,-10013-Walker Street
Thai Son,amenity,restaurant,+1-212-732-2822,,,--
M & W Bakery,shop,pastry,,,,-10013-Bayard Street
Thai Jasmine Restaurant,amenity,restaurant,+1-212-349-3132,,,-10013-Bayard Street
Bayard Sushi,amenity,restaurant,+1-646-922-7808,http://www.bayardsushi.com,,-10013-Bayard Street
Thailicious,amenity,restaurant,+1-917-261-2733,,,-10013-Baxter Street
Forlini's,amenity,restaurant,+1-212-349-6779,http://forlinisnyc.com,,--
Codex,shop,books,,https://codexbooks.info/,,--Bleecker Street
Von,amenity,bar,+1-212-473-3039,https://vonbar.com,,-10012-Bleecker Street
Bessou,amenity,restaurant,(212) 228-8502,https://bessou.nyc,,--Bleecker Street
Quartino Bottega Organica,amenity,restaurant,(212) 529-5133,https://quartino.com,,--Bleecker Street
Zero Maria Cornejo,shop,clothes,(212) 925-3849,https://zeromariacornejo.com,,--Bleecker Street
Ulla Johnson,shop,clothes,(212) 965-0144,https://ullajohnson.com,,--Bleecker Street
Zürcher Studio,tourism,gallery,(212) 777-0790,https://galeriezurcher.com,,--Bleecker Street
SubCulture,amenity,theatre,+1-212-533-5470,https://subculturenewyork.com,,--Bleecker Street
Dixon Place,amenity,theatre,212 219-0736,https://dixonplace.org,,--Chrystie Street
St. Joseph School,amenity,school,(212) 233-5152,,,New York-10002-Monroe Street
Monroe Market,amenity,marketplace,(212) 285-2182,,,New York-10002-Monroe Street
SLEEPCENTER,tourism,gallery,,https://sleepcenterny.org,,New York-10002-Monroe Street
Essex Flowers Gallery,tourism,gallery,,https://essexflowers.us,,New York-10002-Monroe Street
W & E Seafood Wholesale,shop,seafood,(212) 343-2210,,,New York-10002-Monroe Street
Kings' Church,amenity,place_of_worship,,https://kcnyc.org,,New York-10002-Monroe Street
Yi Zhang Fishball & Snack Restaurant,amenity,restaurant,,,,New York-10002-Market Street
Food King,amenity,restaurant,(212) 233-2433,,,New York-10002-Market Street
49 Monroe,amenity,restaurant,,,,New York-10002-Monroe Street
LianJiangDongDai INC,amenity,restaurant,(347) 703-5202,,,New York-10002-Catherine Street
Shun Wei,amenity,restaurant,(212) 964-7590,https://shunweitogo.com,,New York-10002-Catherine Street
Karlee Hardware & Electric,shop,hardware,(212) 966-3344,,,New York-10002-Madison Street
Chun Hing Co.,shop,convenience,,,,New York-10002-Madison Street
Taiwan Beauty Salon,shop,beauty,(212) 962-9090,,,New York-10002-Madison Street
TUFF Paint,shop,paint,(212) 962-9090,,,New York-10002-Madison Street
He Dong Sheng,shop,convenience,(212) 732-1764,,,New York-10002-Madison Street
Jes Coffee,amenity,cafe,(646) 462-3398,,,New York-10002-Market Street
A Graphic Printing Lin Inc.,shop,art,(212) 233-9696,,,New York-10002-Market Street
ML Graphics,shop,art,(212) 233-0213,https://mldesignandprinting.com,,New York-10002-Madison Street
T-Mobile,shop,mobile_phone,(212) 343-8808,https://t-mobile.com,,New York-10002-Market Street
Bamboo,amenity,restaurant,(212) 233-0383,https://bamboorestaurantnewyork.com,,New York-10002-Market Street
Golden Diner,amenity,restaurant,,https://goldendinerny.com,,New York-10002-Madison Street
Mr. Fong's,amenity,bar,(646) 964-4540,https://mrfongs.com,,New York-10002-Market Street
Northeast Lobster,shop,seafood,(212) 227-7788,https://northeastlobsterny.com,,New York-10002-Madison Street
FIERMAN,tourism,gallery,,https://fierman.nyc,,New York-10002-Henry Street
12 Corners,amenity,cafe,(212) 625-8888,https://12cornerscoffee.com,,New York-10002-East Broadway
Talent Prep,amenity,school,(917) 636-8113,https://talentprep.org,,New York-10002-East Broadway
Ming's Cafe,amenity,restaurant,(212) 978-1888,,,New York-10002-Canal Street
Happy Star Bakery Corporation,shop,bakery,(212) 978-1888,,,New York-10002-Canal Street
Weilgus & Sons,shop,hardware,(212) 267-1512,https://weilgusnyc.com,,New York-10002-East Broadway
Jajaja Plantas Mexicanas,amenity,restaurant,(646) 883-5453,https://jajajamexicana.com,,New York-10002-East Broadway
Cheong Fun Cart on Rutgers,amenity,fast_food,,,,New York--East Broadway
Forgtmenot,amenity,restaurant,(646) 707-3195,https://forgtmenotnyc.com,,New York-10002-Division Street
Ling Kee Beef Jerky,shop,butcher,(212) 965-1206,,,New York-10002-Canal Street
Bondy Export Corporation,shop,appliance,(212) 925-7785,https://bondyexport.com,,New York-10002-Canal Street
Bacaro,amenity,restaurant,(212) 941-5060,https://bacaronyc.com,,New York-10002-Division Street
Dah Shop,shop,bicycle,(212) 925-0155,https://dahshop.com,,New York-10002-Division Street
Rhizome,tourism,museum,(646) 552-2313,,info@rhizome.org,New York-10002-Bowery
New York Chinese Alliance Church,amenity,place_of_worship,,,,New York-10002-Eldridge Street
Sea of Galilee Church,amenity,place_of_worship,(347) 949-6078,http://www.sogonline.org/,,New York-10002-Eldridge Street
DUA Institute,amenity,place_of_worship,(212) 253-1053,https://duainstitute.com,,New York-10002-Eldridge Street
Liox Cleaners & Laundry,shop,laundry,(212) 203-6624,https://lioxcleaners.com,,New York-10002-Allen Street
Yeah Man Spa,amenity,spa,+1-347-249-1630,,,New York-10002-Allen Street
Antler Beer & Wine Dispensary,amenity,bar,+1-212-432-5000,http://antlerdispensary.com,,New York-10002-Allen Street
Felix Tailor Shop,shop,tailor,+1-212-420-9775,,,New York-10002-Allen Street
Allen St. Cut & Shave,shop,hairdresser,(929) 332-1486,https://allencutshave.com,,New York-10002-Allen Street
Joey Bats Café,amenity,cafe,(212) 519-2289,https://joeybatscafe.com,,New York-10002-Allen Street
bitforms gallery,tourism,gallery,(212) 366-6939,https://bitforms.art,,New York-10002-Allen Street
Hair Queen,shop,hairdresser,(212) 777-8336,https://hairqueennyc.com,,New York-10002-Allen Street
Tian Tian Laundromat,shop,laundry,(212) 475-0868,,,New York-10002-Allen Street
The Phluid Project,shop,clothes,+1-212-655-0551,https://thephluidproject.com/,info@ThePhluidProject.com,-10012-Broadway
LES SKATEPARK,tourism,attraction,,,,--
Chao Hui Grocery Store,shop,supermarket,,,,New York-10002-Market Street
First Cellphone Inc,shop,mobile_phone,(646) 407-2255,,,New York--East Broadway
Wing Wah Jewelry,shop,jewelry,(212) 625-9318,,,New York-10002-East Broadway
New Hing Wongs Ginseng,shop,variety_store,(212) 334-0938,,,New York-10002-East Broadway
Happy Travel Inc,shop,travel_agency,(212) 334-1888,,,New York-10002-East Broadway
Happy Garden Palace,amenity,restaurant,(212) 925-9888,,,New York-10002-East Broadway
West 3rd Common,amenity,bar,+1-212-529-2059,http://west3rdcommon.com/,,--West 3rd Street
James Fuentes LLC,tourism,gallery,+1-212-577-1201,https://jamesfuentes.com/,,--Delancey Street
ViVi Bubble Tea,amenity,cafe,+1 212-566-6833,http://www.vivibubbletea.com/location_content.php?l=1,,-10013-Bayard Street
Bayard's Hardware,shop,hardware,+1 212-233-2238,http://www.bayardshardware.com,bayardshardware@gmail.com,-10013-Bayard Street
Gong Cha,amenity,cafe,+1 646-726-4940,https://www.gongchausa.com/new-york-chinatown-nyc-2,,-10013-Bayard Street
ViVi Bubble Tea,amenity,cafe,+1 212-966-5793,http://www.vivibubbletea.com/location_content.php?l=4,,-10038-East Broadway
Young Xinjiang BBQ Cart,amenity,restaurant,,,,New York-10002-Forsyth Street
Xing Wong BBQ,amenity,restaurant,(212) 779-8899,https://xingwongbbq.com,,New York-10002-East Broadway
Let's Go Thai Ice Cream,amenity,ice_cream,,,,New York-10002-East Broadway
Fortune Meat Market,shop,butcher,,,,New York-10002-East Broadway
Jingdezhen,shop,furniture,,,,New York-10002-East Broadway
New Wong,amenity,restaurant,,,,New York-10002-East Broadway
Lanzhou Ramen,amenity,restaurant,(646) 998-3175,,,New York-10002-East Broadway
Second Salem Church,amenity,place_of_worship,,,,New York-10002-Pike Street
East Broadway Pharmacy,amenity,pharmacy,(212) 431-6688,,,New York-10002-East Broadway
Fulton Care Pharmacy,amenity,pharmacy,,,,New York-10002-East Broadway
124 Deli Grocery,shop,convenience,(646) 669-8990,,,New York-10002-East Broadway
Newsstand,shop,kiosk,,,,--
The Saem,shop,cosmetics,,,,--Canal Street
Sun Sai Gai Restaurant,amenity,restaurant,,,,--Canal Street
Hung Kee Fish & Meat Market,shop,butcher,,,,--Canal Street
Taipan Bakery,shop,bakery,,,,--Canal Street
Canal Pharmacy,amenity,pharmacy,,,,--Canal Street
Canal Street Pharmacy,amenity,pharmacy,+1-212-748-4900,,,--Canal Street
Audrey Bakery & Cafe,shop,bakery,,,,--Canal Street
Win Sea Food Market,shop,butcher,,,,--Canal Street
Penguin Ice Cream,amenity,cafe,+1-646-288-3386,,,--Canal Street
Chinatown Federal Savings Bank,amenity,bank,+1-212-334-9191,,,--Canal Street
Planned Parenthood,amenity,clinic,,,,--Bleecker Street
Sheen Center,amenity,theatre,,,,--Bleecker Street
Uncle Boons Sister,amenity,restaurant,+1 646-850-9480,https://www.uncleboonssister.com,,--Mott Street
University Settlement Society of New York,amenity,social_centre,,https://www.universitysettlement.org/,info@universitysettlement.org,--Eldridge Street
New ML Oro Jewelry. Inc.,shop,jewelry,+1 212-925-0477,https://www.newmlorojewelry.com/,,New York-10013-Canal Street
Pho Vietnam,amenity,restaurant,,,,--
Blick Art Materials,shop,craft,+1 212-358-7788,https://www.dickblick.com/stores/new-york/new-york-city-bond-st/,,-10012-Bond Street
Bond no. 9,shop,perfumery,+1 212-288-1732,https://www.bondno9.com/,,--Bond Street
Suite 303,shop,hairdresser,+1 212-633-1011,https://suite303.com,info@suite303.com,-10012-Bond Street
St. John's University,amenity,college,+1-718-990-2000,https://www.stjohns.edu/about/campuses-locations/manhattan-campus,,-10003-Astor Place
Stance,shop,clothes,,,,--
Sephora,shop,cosmetics,,,,--Broadway
NY Gift Shop,shop,gift,,,,--
186f Kepler,tourism,gallery,,,today@186fkepler.com,--Canal Street
Mencius Society for the Arts,amenity,arts_centre,,,,--
V-Bread,amenity,cafe,,,,--
HSBC,amenity,bank,,,,--
Keki Modern Cakes,amenity,restaurant,,,,--
The Little One,amenity,restaurant,,,,--
Taiyaki,amenity,restaurant,,,,--
Milk&Cream Cereal Bar,amenity,restaurant,,,,--
Nam Son,amenity,restaurant,,,,--Grand Street
La Bella,shop,gift,,,,--
Estela,amenity,cafe,,,,--
The Bowery electric,amenity,bar,,https://www.theboweryelectric.com/,,--
Chinatown Soup,tourism,gallery,,https://chinatownsoup.nyc,hello@chinatownsoup.nyc,--Orchard Street
Vacation,tourism,gallery,(302) 481-6331,https://vacationgallery.nyc,concierge@vacationgallery.nyc,New York-10002-Orchard Street
Café Gitane,amenity,cafe,,,,--
Ruby's,amenity,restaurant,,,,--
Umberto’s Clam House,amenity,restaurant,,,,--Mulberry Street
Pietro Nolita,amenity,restaurant,,,,--
SOHO Sushi,amenity,restaurant,,,,--Sullivan Street
Downtown Yummy Restaurant,amenity,restaurant,+1-212-791-6818,,,-10002-East Broadway
Juicy,amenity,bar,,,,--Pell Street
East dumpling,amenity,restaurant,,,,--
Inhabit karaoke lounge,amenity,bar,,,,--
The Grand Daddy,amenity,cafe,+1-917-388-2233,https://www.thegranddaddy.nyc,,-10002-Grand Street
avocado appétit,amenity,restaurant,,,,--
Parm,amenity,restaurant,,,,--
cava,amenity,restaurant,,,,--
spring lounge,amenity,bar,,,,--
b&b winebar,amenity,bar,,,,--
Fried Dumpling,amenity,restaurant,,,,--Mosco Street
Xi'an Famous Foods,amenity,fast_food,,https://www.xianfoods.com,,--Bayard Street
MeetFresh,shop,confectionery,,,,-10003-Cooper Square
Joy Luck Palace,amenity,restaurant,,,,--
Canal Pizza,amenity,fast_food,,,,--
Blue Bottle Coffee,amenity,cafe,,https://bluebottlecoffee.com/cafes/astor-place,,-10013-Astor Place
East Village,amenity,bicycle_rental,,,,--
Pho Grand,amenity,restaurant,,,,--Grand Street
il Buco,amenity,restaurant,,,,--
Flour shop,shop,bakery,,,,--Lafayette Street
Cha Cha Matcha,amenity,cafe,+1 646-895-9484,https://chachamatcha.com/pages/locations?location=new-york-city,,-10012-Lafayette Street
IES Test Prep,amenity,prep_school,,,,--
American Indian Community House,amenity,community_centre,(646) 575-3638,http://www.aich.org/,socialmedia@aich.org,--Eldridge Street
narcissa фермерская,amenity,restaurant,,,,--
Tesla Supercharger,amenity,charging_station,,,,--
Tesla Supercharger,amenity,charging_station,,,,--
Kopitiam,amenity,restaurant,(646) 609-3785,https://kopitiamnyc.com,,--East Broadway
Wells Fargo,amenity,bank,+1-917-994-2334,https://www.wellsfargo.com/locator/bank/276__BOWERY_NEW__YORK_NY_10012/?loc=AD68416,,--Bowery
La MaMa Galleria,tourism,gallery,(212) 505-2476,https://lamama.org,lamamagalleria@gmail.com,New York-10012-Great Jones Street
cloudM,amenity,bar,,,,--
CamperLab,shop,shoes,+1 646-613-2541,https://www.camper.com/en_US/shops/usa/new_york/store_shoes_221_bowery-T822,,-10012-Bowery
Project Reach,amenity,community_centre,(212) 966-4227,https://www.projectreachnyc.org,gonzalo@projectreachnyc.org,--Eldridge Street
New Mandarin Court,amenity,restaurant,212-608-3838,,,--Mott Street
The Alley Bubble tea,shop,beverages,,,,--
Saturdays,shop,clothes,+1 212-966-7875,https://www.saturdaysnyc.com/store/crosby-street/,,--Crosby Street
May Wah Laundromat,shop,laundry,,,,New York City-10012-Mott Street
Spring Mart,amenity,marketplace,,,,New York-10012-Mott Street
Shun Chang Chicken Duck Super,amenity,restaurant,,,,--
99 cent Pizza,amenity,fast_food,,,,--
He Xie Grocery Store,amenity,restaurant,,,,--
Soho Garden,shop,convenience,+1 212-941-5973,,,--Prince Street
John Fluevog Shoes,shop,shoes,+1 212-431-4484,https://www.fluevog.com/stores/new-york/?anchor=NY,,--Mulberry Street
Long giang Dang,shop,laundry,,,,New York-10012-Elizabeth Street
Banzarbar,amenity,bar,+1-212-420-0012,https://www.banzarbar.com,,-10002-Freeman Alley
Indi Thai,amenity,restaurant,,,,--
Akiko Nails,shop,beauty,+1-646-972-6576,https://www.akikonailsnyc.com,,-10002-Eldridge Street
Bowery Dental,amenity,dentist,+1-917-388-3678,https://bowerydental.nyc,,--
Simply Prepaid,shop,mobile_phone,+1-646-613-8838,,,-10002-Hester Street
Don Juan Deli,shop,convenience,+1-212-925-7370,,,-10002-Forsyth Street
Derek Eller Gallery,tourism,gallery,,https://www.derekeller.com,,--
Matcha n' More,amenity,cafe,+1 646-838-7594,https://www.matchanmore.com/,,--Hester Street
Hao Xin Qing Fashion,amenity,restaurant,,,,--
Century Pharmacy,amenity,pharmacy,,,,--
hop kee,amenity,fast_food,,,,--
Tony Moly,shop,cosmetics,,https://tonymoly.us,,-10013-Canal Street
Da Yu Hot Pot,amenity,restaurant,+1-212-966-1777,https://www.dayu-usa.com,,--
Manhattan Bowery Lodge,tourism,hostel,+1-917-353-5617,https://manhattanbowerylodgeny.us,,--
Miracle Window Fashion,shop,curtain,+1-212-966-6899,https://www.miraclecurtainsny.com,,--
Lotus Spa,shop,massage,,,,--
Yakkayama Hat Market,shop,clothes,,,,--
Grand Tea & Imports,shop,tea,,,,--
Everyday Beauty Lab,shop,cosmetics,+1-212-226-8638,https://www.everydaybeautyusa.com,,--
Cozy Living Furniture,shop,furniture,+1-212-226-7823,,,--
Super A Mart,shop,variety_store,,,,--
Tan Tin Hung Supermarket,shop,supermarket,+1-212-274-8811,,,--
Little Sheep Mongolian Hot Pot,amenity,restaurant,+1-646-484-5707,https://littlesheephotpot.com,,--
Rise Brewing Company,amenity,cafe,+1-646-400-0410,https://risebrewingco.com/pages/cafes,,-10002-Delancey Street
Tea I Y,amenity,cafe,+1-646-413-3373,https://www.teaiynyc.com,,-10002-Hester Street
Sen Yat-sen,tourism,artwork,,,,--
Haughwout Building,tourism,attraction,,,,--Broadway
Little Singer Building,tourism,attraction,,,,--Broadway
Van Leeuwen Ice Cream,amenity,amenity|ice_cream,,,,New York-10012-Spring Street
Estela,amenity,restaurant,,,,--
Di Palo,amenity,restaurant,,,,--
No Idols,shop,tattoo,+1-646-484-6295,https://www.noidolsnyc.com,,--
Grotta Azzurra,amenity,restaurant,+1-212-925-8775,http://www.bluegrotta.com,,-10013-Mulberry Street
Nadaam,shop,clothes,,http://nadaam.com,,--Prince Street
Mille Feuille,amenity,restaurant,+1-212-533-4698,millefeuille-nyc.com,info@millefeuille-nyc.com,New York-10012-Laguardia Place
OddFellows,amenity,ice_cream,,,,--
Terremoto Coffee,amenity,cafe,,,,-10012-Lafayette Street
Peppi's Cellar,amenity,bar,,,,-10013-
Fig. 19,amenity,bar,,,,-10002-
The Poni Room,amenity,bar,,,,-10012-Bowery
The Crown,amenity,bar,,,,-10013-Bowery
Acme,amenity,restaurant,,,,-10012-
The Box,amenity,nightclub,,,,--
Compagnie des Vins Surnaturels,amenity,bar,+1-212-343-3660,http://compagnienyc.com,,--Centre Street
Wayan,amenity,restaurant,,http://wayan-nyc.com,,--
Oneal’s,amenity,restaurant,,,,--
Cafeta Social Club Italian Restaurant,amenity,restaurant,,,,--
Tin Duc Food Market,shop,convenience,,,,--
Bok Yee Buddhist Temple,amenity,place_of_worship,,,,--
L&T Restaurant Equipment Supply,shop,hardware,,,,--
Scotch & Soda,shop,clothes,,,,--
Paul Smith,shop,clothes,+1-646-613-3060,https://paulsmith.com,,-10012-Greene Street
John Derian Company,shop,houseware,+1-212-677-3917,https://www.johnderian.com,,--
John Derian Furniture,shop,furniture,+1-212-677-8409,https://www.johnderian.com,,--
78-80 Mulberry Street,tourism,apartment,,,,--
Cha Chang Tang,amenity,restaurant,+12125772888,http://cha-chan-tang.com,,-10013-
Bangkok Center Grocery,amenity,supermarket,+1 212-349-1979,http://www.bangkokcentergrocery.com/,,-10013-Mosco Street
T2 tea,amenity,cafe,,,,--
Amazon,shop,convenience,,,,--Spring Street
Bag-All,shop,stationery,,,,--Mott Street
GOODS FOR THE STUDY,shop,stationery,,,,--
Museum of Ice Cream,tourism,museum,,,,--
East Canal Jewelry,shop,jewelry,,,,--
Adidas,shop,sports,,,,--
Penn Station Eagle,tourism,artwork,,,,--
Videogamesnewyork,shop,video_games,+1-212-539-1039,https://videogamesnewyork.com,,--
Tristan Eaton - Audrey Hepburn Graffiti,tourism,artwork,,,,--
The Pop Shop,tourism,artwork,,,,--
Soft Swerve Ice Cream,amenity,ice_cream,,,,--
Bar Primi,amenity,restaurant,,https://www.barprimi.com/,,New York-10003-Bowery
Levain Bakery NoHo,shop,bakery,,,,New York-10012-Lafayette Street
No Ho Juice Bar & Deli,shop,deli,,,,New York-10012-Mercer Street
Scent Bar NYC,shop,perfumery,+1 646-609-4357,https://www.luckyscent.com/scentbar/nyc,,-10012-Elizabeth Street
